ID_producto;Nombre_categoria_producto;Cantidad;Precio_Total;Peso_Producto;Calificación_Producto;Ventas;Mes;Año;Precio_Competidor_1;Calificación_Producto_Competidor_1
bed1;bed_bath_table;1;52,0;350;4;57;5;2017;89,9;3,9
bed1;bed_bath_table;3;137,9;350;4;61;6;2017;89,9;3,9
bed1;bed_bath_table;6;275,7;350;4;123;7;2017;89,9;3,9
bed1;bed_bath_table;4;183,8;350;4;90;8;2017;89,9;3,9
bed1;bed_bath_table;2;91,9;350;4;54;9;2017;89,9;3,9
bed1;bed_bath_table;3;137,9;350;4;50;10;2017;89,9;3,9
bed1;bed_bath_table;11;445,9;350;4;97;11;2017;89,9;3,9
bed1;bed_bath_table;6;239,9;350;4;41;12;2017;88;3,9
bed1;bed_bath_table;19;759,8;350;4;62;1;2018;86,9;3,9
bed1;bed_bath_table;18;719,8;350;4;62;2;2018;86,9;3,9
bed1;bed_bath_table;17;679,8;350;4;43;3;2018;86,9;3,9
bed1;bed_bath_table;13;519,9;350;4;34;4;2018;85;3,9
bed1;bed_bath_table;19;759,8;350;4;57;5;2018;84;3,9
bed1;bed_bath_table;5;200,0;350;4;43;6;2018;79,9;3,9
bed1;bed_bath_table;8;319,9;350;4;26;7;2018;78;3,9
bed1;bed_bath_table;8;313,9;350;4;15;8;2018;74;3,9
garden5;garden_tools;6;419,4;9000;4,1;21;3;2017;69,9;4,1
garden5;garden_tools;3;247,9;9000;4,1;17;4;2017;83;4,1
garden5;garden_tools;20;195,6;9000;4,1;34;5;2017;59,9;4,1
garden5;garden_tools;8;712,0;9000;4,1;26;6;2017;59,9;4,1
garden5;garden_tools;10;890,0;9000;4,1;74;7;2017;59,9;4,1
garden5;garden_tools;7;683,0;9000;4,1;113;8;2017;59,9;4,1
garden5;garden_tools;9;891,0;9000;4,1;115;9;2017;59,9;4,1
garden5;garden_tools;14;1386,0;9000;4,1;146;10;2017;59,9;4,1
garden5;garden_tools;17;1683,0;9000;4,1;339;11;2017;52;4,1
garden5;garden_tools;11;1089,0;9000;4,1;184;12;2017;55,1;4,1
garden5;garden_tools;4;398,0;9000;4,1;137;1;2018;49,9;4,1
garden5;garden_tools;2;202,0;9000;4,1;160;2;2018;51;4,1
garden5;garden_tools;1;101,0;9000;4,1;116;3;2018;53,9;4,1
garden5;garden_tools;1;101,0;9000;4,1;111;4;2018;53,9;4,1
consoles1;consoles_games;13;258,7;150;4,2;13;7;2017;19,9;4,2
consoles1;consoles_games;24;477,6;150;4,2;33;8;2017;19,9;4,2
consoles1;consoles_games;9;179,1;150;4,2;17;9;2017;19,9;4,2
consoles1;consoles_games;28;603,2;150;4,2;38;10;2017;22;4,2
consoles1;consoles_games;28;686,0;150;4,2;49;11;2017;24,5;4,2
consoles1;consoles_games;16;392,0;150;4,2;30;12;2017;24,5;4,2
consoles1;consoles_games;5;162,5;150;4,2;6;2;2018;32,5;4,2
consoles1;consoles_games;6;195,0;150;4,2;13;3;2018;32,5;4,2
consoles1;consoles_games;7;245,4;150;4,2;13;4;2018;35;4,2
consoles1;consoles_games;3;108,6;150;4,2;3;5;2018;36,2;4,2
consoles1;consoles_games;2;72,4;150;4,2;2;6;2018;36,2;4,2
consoles1;consoles_games;1;36,2;150;4,2;1;7;2018;36,2;4,2
garden7;garden_tools;1;59,9;1800;4,2;17;4;2017;59,9;4,2
garden7;garden_tools;1;59,9;1800;4,2;34;5;2017;59,9;4,1
garden7;garden_tools;4;239,6;1800;4,2;74;7;2017;59,9;4,1
garden7;garden_tools;6;359,4;1800;4,2;113;8;2017;59,9;4,1
garden7;garden_tools;5;299,5;1800;4,2;115;9;2017;59,9;4,1
garden7;garden_tools;11;658,9;1800;4,2;146;10;2017;59,9;4,1
garden7;garden_tools;20;1043,6;1800;4,2;339;11;2017;52;4,1
garden7;garden_tools;10;571,8;1800;4,2;184;12;2017;55,1;4,1
garden7;garden_tools;11;548,9;1800;4,2;137;1;2018;49,9;4,1
garden7;garden_tools;8;411,2;1800;4,2;160;2;2018;51;4,1
garden7;garden_tools;3;161,7;1800;4,2;116;3;2018;53,9;4,1
garden7;garden_tools;8;431,2;1800;4,2;111;4;2018;53,9;4,1
garden7;garden_tools;9;477,1;1800;4,2;102;5;2018;53;4,1
garden7;garden_tools;5;249,5;1800;4,2;58;6;2018;49,9;4,1
garden7;garden_tools;6;299,4;1800;4,2;54;7;2018;49,91;4,1
garden7;garden_tools;7;349,3;1800;4,2;46;8;2018;49,91;4,1
health9;health_beauty;11;219,9;100;4,3;19;2;2017;19,99;4,3
health9;health_beauty;9;179,9;100;4,3;25;3;2017;19,99;4,3
health9;health_beauty;13;259,9;100;4,3;23;4;2017;19,99;4,3
health9;health_beauty;16;319,8;100;4,3;41;5;2017;19,99;4,3
health9;health_beauty;21;419,8;100;4,3;53;6;2017;19,99;4,3
health9;health_beauty;29;579,7;100;4,3;61;7;2017;19,99;4,3
health9;health_beauty;28;651,7;100;4,3;82;8;2017;23;4,3
health9;health_beauty;24;57576000,0;100;4,3;89;9;2017;23,99;4,3
health9;health_beauty;27;647,7;100;4,3;81;10;2017;23,99;4,3
health9;health_beauty;28;671,7;100;4,3;139;11;2017;23,99;4,3
health9;health_beauty;19;455,8;100;4,3;112;12;2017;23,99;4,3
health9;health_beauty;19;455,8;100;4,3;98;1;2018;23,99;4,3
health9;health_beauty;14;335,9;100;4,3;126;2;2018;23,99;4,3
health9;health_beauty;8;191,9;100;4,3;169;3;2018;23,99;4,3
health9;health_beauty;7;167,9;100;4,3;159;5;2018;23,99;4,3
health9;health_beauty;3;72,0;100;4,3;131;6;2018;23,99;4,3
health9;health_beauty;3;72,0;100;4,3;113;7;2018;23,99;4,3
health9;health_beauty;2;48,0;100;4,3;127;8;2018;23,99;4,3
cool4;cool_stuff;1;135,0;2425;3,8;42;7;2017;99,99;4,2
cool4;cool_stuff;1;135,0;2425;3,8;39;8;2017;99,99;4,2
cool4;cool_stuff;12;176,4;2425;3,8;33;10;2017;99,99;4,2
cool4;cool_stuff;27;424,9;2425;3,8;42;11;2017;99,99;4,2
cool4;cool_stuff;29;484,3;2425;3,8;38;12;2017;99,99;4,2
cool4;cool_stuff;13;217,1;2425;3,8;102;1;2018;99,99;4,2
cool4;cool_stuff;8;181,6;2425;3,8;20;2;2018;99,99;4,2
cool4;cool_stuff;11;191,2;2425;3,8;45;3;2018;99,99;4,2
cool4;cool_stuff;6;1019,9;2425;3,8;18;4;2018;90;4,2
health3;health_beauty;1;111,0;700;4,1;98;1;2018;23,99;4,3
health3;health_beauty;2;222,0;700;4,1;126;2;2018;23,99;4,3
health3;health_beauty;9;998,9;700;4,1;169;3;2018;23,99;4,3
health3;health_beauty;13;151,5;700;4,1;118;4;2018;12;4,1
health3;health_beauty;23;276,0;700;4,1;159;5;2018;23,99;4,3
health3;health_beauty;43;528,9;700;4,1;131;6;2018;23,99;4,3
health3;health_beauty;33;405,9;700;4,1;113;7;2018;23,99;4,3
health3;health_beauty;32;393,6;700;4,1;127;8;2018;23,99;4,3
perfumery1;perfumery;4;228,0;250;4,3;4;6;2017;56,99;4,3
perfumery1;perfumery;7;398,9;250;4,3;7;7;2017;56,99;4,3
perfumery1;perfumery;7;398,9;250;4,3;8;8;2017;56,99;4,3
perfumery1;perfumery;17;968,8;250;4,3;18;9;2017;56,99;4,3
perfumery1;perfumery;17;968,8;250;4,3;19;10;2017;56,99;4,3
perfumery1;perfumery;20;1139,8;250;4,3;27;11;2017;56,99;4,3
perfumery1;perfumery;24;1367,8;250;4,3;34;12;2017;56,99;4,3
perfumery1;perfumery;10;569,9;250;4,3;15;1;2018;56,99;4,3
perfumery1;perfumery;4;228,0;250;4,3;12;2;2018;56,99;4,3
perfumery1;perfumery;14;706,9;250;4,3;18;3;2018;50,49;4,3
perfumery1;perfumery;2;100,0;250;4,3;10;4;2018;49,99;4,3
perfumery1;perfumery;8;399,9;250;4,3;13;7;2018;49,99;4,3
perfumery1;perfumery;4;200,0;250;4,3;19;8;2018;49,99;4,3
cool5;cool_stuff;2;200,0;4475;4,3;33;4;2017;99,99;4,2
cool5;cool_stuff;18;1799,8;4475;4,3;58;5;2017;99,99;4,2
cool5;cool_stuff;11;1099,9;4475;4,3;42;6;2017;99,99;4,2
cool5;cool_stuff;14;1399,9;4475;4,3;42;7;2017;99,99;4,2
cool5;cool_stuff;8;799,9;4475;4,3;39;8;2017;99,99;4,2
cool5;cool_stuff;6;599,9;4475;4,3;10;9;2017;99,99;4,2
cool5;cool_stuff;9;899,9;4475;4,3;33;10;2017;99,99;4,2
cool5;cool_stuff;2;200,0;4475;4,3;42;11;2017;99,99;4,2
cool5;cool_stuff;3;300,0;4475;4,3;38;12;2017;99,99;4,2
cool5;cool_stuff;6;599,9;4475;4,3;102;1;2018;99,99;4,2
cool5;cool_stuff;9;899,9;4475;4,3;20;2;2018;99,99;4,2
cool5;cool_stuff;5;489,8;4475;4,3;45;3;2018;99,99;4,2
cool5;cool_stuff;4;338,8;4475;4,3;18;4;2018;90;4,2
health8;health_beauty;6;539,9;250;4,1;25;3;2017;19,99;4,3
health8;health_beauty;6;539,9;250;4,1;41;5;2017;19,99;4,3
health8;health_beauty;9;809,9;250;4,1;53;6;2017;19,99;4,3
health8;health_beauty;17;1529,8;250;4,1;61;7;2017;19,99;4,3
health8;health_beauty;18;1619,8;250;4,1;82;8;2017;23;4,3
health8;health_beauty;21;1889,8;250;4,1;89;9;2017;23,99;4,3
health8;health_beauty;24;2159,8;250;4,1;81;10;2017;23,99;4,3
health8;health_beauty;26;2339,7;250;4,1;139;11;2017;23,99;4,3
health8;health_beauty;19;1709,8;250;4,1;112;12;2017;23,99;4,3
health8;health_beauty;20;1799,8;250;4,1;98;1;2018;23,99;4,3
health8;health_beauty;17;1529,8;250;4,1;126;2;2018;23,99;4,3
health8;health_beauty;16;1339,8;250;4,1;169;3;2018;23,99;4,3
health8;health_beauty;14;1119,9;250;4,1;118;4;2018;79,99;4,1
health8;health_beauty;16;1279,8;250;4,1;159;5;2018;23,99;4,3
health8;health_beauty;13;1039,9;250;4,1;131;6;2018;23,99;4,3
health8;health_beauty;10;799,9;250;4,1;113;7;2018;23,99;4,3
health8;health_beauty;7;579,8;250;4,1;127;8;2018;23,99;4,3
garden4;garden_tools;13;778,7;1650;4,1;74;7;2017;59,9;4,1
garden4;garden_tools;23;137,8;1650;4,1;113;8;2017;59,9;4,1
garden4;garden_tools;13;778,7;1650;4,1;115;9;2017;59,9;4,1
garden4;garden_tools;36;215,6;1650;4,1;146;10;2017;59,9;4,1
garden4;garden_tools;69;371,2;1650;4,1;339;11;2017;52;4,1
garden4;garden_tools;44;246,9;1650;4,1;184;12;2017;55,1;4,1
garden4;garden_tools;39;194,6;1650;4,1;137;1;2018;49,9;4,1
garden4;garden_tools;48;241,1;1650;4,1;160;2;2018;51;4,1
garden4;garden_tools;26;140,1;1650;4,1;116;3;2018;53,9;4,1
garden4;garden_tools;28;150,9;1650;4,1;111;4;2018;53,9;4,1
garden4;garden_tools;25;132,0;1650;4,1;102;5;2018;53;4,1
garden4;garden_tools;15;748,5;1650;4,1;58;6;2018;49,9;4,1
garden4;garden_tools;3;149,7;1650;4,1;54;7;2018;49,91;4,1
garden4;garden_tools;6;299,4;1650;4,1;46;8;2018;49,91;4,1
computers5;computers_accessories;1;167,0;207;3,5;31;10;2017;155;4,2
computers5;computers_accessories;2;239,8;207;3,5;35;12;2017;149,99;4,2
computers5;computers_accessories;57;545,4;207;3,5;152;1;2018;157;4,2
computers5;computers_accessories;45;346,6;207;3,5;202;2;2018;149;4,2
computers5;computers_accessories;6;528,0;207;3,5;127;3;2018;136;4,2
computers5;computers_accessories;10;880,0;207;3,5;107;4;2018;121;4,2
computers5;computers_accessories;3;269,7;207;3,5;66;6;2018;114;4,2
computers5;computers_accessories;3;236,7;207;3,5;43;7;2018;119,99;4,2
garden10;garden_tools;3;179,7;1750;4,2;34;5;2017;59,9;4,1
garden10;garden_tools;3;179,7;1750;4,2;26;6;2017;59,9;4,1
garden10;garden_tools;19;113,8;1750;4,2;74;7;2017;59,9;4,1
garden10;garden_tools;27;161,7;1750;4,2;113;8;2017;59,9;4,1
garden10;garden_tools;17;101,8;1750;4,2;115;9;2017;59,9;4,1
garden10;garden_tools;31;185,7;1750;4,2;146;10;2017;59,9;4,1
garden10;garden_tools;87;471,2;1750;4,2;339;11;2017;52;4,1
garden10;garden_tools;32;177,0;1750;4,2;184;12;2017;55,1;4,1
garden10;garden_tools;29;144,7;1750;4,2;137;1;2018;49,9;4,1
garden10;garden_tools;36;182,8;1750;4,2;160;2;2018;51;4,1
garden10;garden_tools;35;188,7;1750;4,2;116;3;2018;53,9;4,1
garden10;garden_tools;13;70,1;1750;4,2;111;4;2018;53,9;4,1
garden10;garden_tools;29;155,9;1750;4,2;102;5;2018;53;4,1
garden10;garden_tools;6;299,4;1750;4,2;58;6;2018;49,9;4,1
garden10;garden_tools;14;69,9;1750;4,2;54;7;2018;49,91;4,1
garden10;garden_tools;10;49,9;1750;4,2;46;8;2018;49,91;4,1
computers6;computers_accessories;22;330,8;533;4,3;152;1;2018;157;4,2
computers6;computers_accessories;69;1034,3;533;4,3;202;2;2018;149;4,2
computers6;computers_accessories;51;764,5;533;4,3;127;3;2018;136;4,2
computers6;computers_accessories;35;524,7;533;4,3;107;4;2018;121;4,2
computers6;computers_accessories;52;779,5;533;4,3;78;5;2018;119;4,2
computers6;computers_accessories;27;404,7;533;4,3;66;6;2018;114;4,2
computers6;computers_accessories;13;194,9;533;4,3;43;7;2018;119,99;4,2
computers6;computers_accessories;5;749,5;533;4,3;18;8;2018;119,99;4,2
health6;health_beauty;3;186,0;350;3,9;98;1;2018;23,99;4,3
health6;health_beauty;13;805,9;350;3,9;169;3;2018;23,99;4,3
health6;health_beauty;15;974,9;350;3,9;118;4;2018;64,99;3,9
health6;health_beauty;38;247,0;350;3,9;159;5;2018;23,99;4,3
health6;health_beauty;26;174,2;350;3,9;131;6;2018;23,99;4,3
health6;health_beauty;27;180,9;350;3,9;113;7;2018;23,99;4,3
health6;health_beauty;28;187,6;350;3,9;127;8;2018;23,99;4,3
garden6;garden_tools;4;239,6;1550;4,1;34;5;2017;59,9;4,1
garden6;garden_tools;1;59,9;1550;4,1;26;6;2017;59,9;4,1
garden6;garden_tools;14;838,6;1550;4,1;74;7;2017;59,9;4,1
garden6;garden_tools;39;233,6;1550;4,1;113;8;2017;59,9;4,1
garden6;garden_tools;37;221,6;1550;4,1;115;9;2017;59,9;4,1
garden6;garden_tools;39;233,6;1550;4,1;146;10;2017;59,9;4,1
garden6;garden_tools;91;477,0;1550;4,1;339;11;2017;52;4,1
garden6;garden_tools;51;288,2;1550;4,1;184;12;2017;55,1;4,1
garden6;garden_tools;12;598,8;1550;4,1;137;1;2018;49,9;4,1
garden6;garden_tools;39;197,0;1550;-2;160;2;2018;51;4,1
garden6;garden_tools;31;167,1;1550;4,1;116;3;2018;53,9;4,1
garden6;garden_tools;46;247,9;1550;4,1;111;4;2018;53,9;4,1
garden6;garden_tools;56;298,2;1550;4,1;102;5;2018;53;4,1
garden6;garden_tools;12;598,8;1550;4,1;58;6;2018;49,9;4,1
garden6;garden_tools;6;299,5;1550;4,1;54;7;2018;49,91;4,1
garden6;garden_tools;6;299,5;1550;4,1;46;8;2018;49,91;4,1
health10;health_beauty;21;994,0;1110;4,2;126;2;2018;23,99;4,3
health10;health_beauty;58;281,0;1110;4,2;169;3;2018;23,99;4,3
health10;health_beauty;18;96,6;1110;4,2;118;4;2018;54;4,2
health10;health_beauty;33;172,3;1110;4,2;159;5;2018;23,99;4,3
health10;health_beauty;9;449,8;1110;4,2;131;6;2018;23,99;4,3
health10;health_beauty;5;257,6;1110;4,2;113;7;2018;23,99;4,3
health10;health_beauty;11;557,9;1110;4,2;127;8;2018;23,99;4,3
watches2;watches_gifts;5;790,0;444;4;17;6;2017;163;4,2
watches2;watches_gifts;6;1017,0;444;4;29;7;2017;162;4,2
watches2;watches_gifts;5;849,5;444;4;48;8;2017;161;4,2
watches2;watches_gifts;10;160,4;444;4;54;9;2017;149;4,2
watches2;watches_gifts;16;239,2;444;4;43;10;2017;134,9;4,2
watches2;watches_gifts;26;366,0;444;4;91;11;2017;133;4,2
watches2;watches_gifts;6;894,0;444;4;73;12;2017;149;4,2
watches2;watches_gifts;8;1188,0;444;4;59;1;2018;148,5;4
watches2;watches_gifts;14;2043,9;444;4;90;2;2018;128;4,2
watches2;watches_gifts;9;1115,7;444;4;125;3;2018;117;4,2
watches2;watches_gifts;10;1191,9;444;4;178;4;2018;106;4,2
watches2;watches_gifts;22;2598,9;444;4;260;5;2018;104;4,2
watches2;watches_gifts;1;139,9;444;4;93;6;2018;119;4,2
watches2;watches_gifts;5;694,9;444;4;122;7;2018;118;4,2
watches2;watches_gifts;3;414,0;444;4;61;8;2018;112;4,2
health1;health_beauty;3;255,0;600;3,8;82;8;2017;23;4,3
health1;health_beauty;4;340,0;600;3,8;89;9;2017;23,99;4,3
health1;health_beauty;3;255,0;600;3,8;81;10;2017;23,99;4,3
health1;health_beauty;36;306,0;600;3,8;139;11;2017;23,99;4,3
health1;health_beauty;50;425,0;600;3,8;112;12;2017;23,99;4,3
health1;health_beauty;13;1104,9;600;3,8;98;1;2018;23,99;4,3
health1;health_beauty;7;594,9;600;3,8;126;2;2018;23,99;4,3
health1;health_beauty;4;340,0;600;3,8;169;3;2018;23,99;4,3
health1;health_beauty;2;170,0;600;3,8;131;6;2018;23,99;4,3
garden8;garden_tools;1;180,0;7650;4,2;3;2;2017;17,999;4,2
garden8;garden_tools;3;540,0;7650;4,2;17;4;2017;17,999;4,2
garden8;garden_tools;2;360,0;7650;4,2;115;9;2017;59,9;4,1
garden8;garden_tools;6;1079,9;7650;4,2;146;10;2017;59,9;4,1
garden8;garden_tools;13;234,0;7650;4,2;339;11;2017;52;4,1
garden8;garden_tools;15;276,0;7650;4,2;184;12;2017;55,1;4,1
garden8;garden_tools;14;263,0;7650;4,2;137;1;2018;49,9;4,1
garden8;garden_tools;12;214,8;7650;4,2;160;2;2018;51;4,1
garden8;garden_tools;13;227,7;7650;4,2;116;3;2018;53,9;4,1
garden8;garden_tools;11;196,9;7650;4,2;111;4;2018;53,9;4,1
garden8;garden_tools;3;537,0;7650;4,2;102;5;2018;53;4,1
garden8;garden_tools;10;159,0;7650;4,2;58;6;2018;49,9;4,1
garden8;garden_tools;8;1112,0;7650;4,2;54;7;2018;49,91;4,1
garden8;garden_tools;7;973,0;7650;4,2;46;8;2018;49,91;4,1
garden9;garden_tools;3;179,7;1500;4;17;4;2017;59,9;4
garden9;garden_tools;7;419,3;1500;4;34;5;2017;59,9;4,1
garden9;garden_tools;4;239,6;1500;4;26;6;2017;59,9;4,1
garden9;garden_tools;19;1138,1;1500;4;74;7;2017;59,9;4,1
garden9;garden_tools;21;1257,9;1500;4;113;8;2017;59,9;4,1
garden9;garden_tools;23;1377,7;1500;4;115;9;2017;59,9;4,1
garden9;garden_tools;19;1138,1;1500;4;146;10;2017;59,9;4,1
garden9;garden_tools;82;4397,7;1500;4;339;11;2017;52;4,1
garden9;garden_tools;40;2232,6;1500;4;184;12;2017;55,1;4,1
garden9;garden_tools;25;1247,5;1500;4;137;1;2018;49,9;4,1
garden9;garden_tools;44;2247,6;1500;4;160;2;2018;51;4,1
garden9;garden_tools;25;1347,5;1500;4;116;3;2018;53,9;4,1
garden9;garden_tools;20;1078,0;1500;4;111;4;2018;53,9;4,1
garden9;garden_tools;17;888,3;1500;4;102;5;2018;53;4,1
garden9;garden_tools;8;399,2;1500;4;58;6;2018;49,9;4,1
garden9;garden_tools;9;449,1;1500;4;54;7;2018;49,91;4,1
garden9;garden_tools;7;349,3;1500;4;46;8;2018;49,91;4,1
watches6;watches_gifts;4;652,0;584;4,2;17;6;2017;163;4,2
watches6;watches_gifts;11;1777,5;584;4,2;29;7;2017;162;4,2
watches6;watches_gifts;13;2088,7;584;4,2;48;8;2017;161;4,2
watches6;watches_gifts;18;2762,5;584;4,2;54;9;2017;149;4,2
watches6;watches_gifts;1;134,9;584;4,2;43;10;2017;134,9;4,2
watches6;watches_gifts;15;1995,0;584;4,2;91;11;2017;133;4,2
watches6;watches_gifts;4;596,0;584;4,2;73;12;2017;149;4,2
watches6;watches_gifts;6;769,5;584;4,2;90;2;2018;128;4,2
watches6;watches_gifts;31;364,1;584;4,2;125;3;2018;117;4,2
watches6;watches_gifts;85;896,1;584;4,2;178;4;2018;106;4,2
watches6;watches_gifts;114;1182,0;584;4,2;260;5;2018;104;4,2
watches6;watches_gifts;9;1071,0;584;4,2;93;6;2018;119;4,2
watches6;watches_gifts;11;1302,0;584;4,2;122;7;2018;118;4,2
watches6;watches_gifts;1;112,0;584;4,2;61;8;2018;112;4,2
cool3;cool_stuff;1;29,5;1867;4,4;10;9;2017;99,99;4,2
cool3;cool_stuff;76;2242,0;1867;4,4;102;1;2018;99,99;4,2
cool3;cool_stuff;26;910,0;1867;4,4;45;3;2018;99,99;4,2
cool3;cool_stuff;4;140,0;1867;4,4;18;4;2018;90;4,2
cool3;cool_stuff;4;140,0;1867;4,4;4;5;2018;35;4,4
cool3;cool_stuff;2;130,0;1867;4,4;2;6;2018;65;4,4
cool3;cool_stuff;1;65,0;1867;4,4;1;8;2018;65;4,4
perfumery2;perfumery;1;142,5;400;4,4;8;8;2017;56,99;4,3
perfumery2;perfumery;1;142,5;400;4,4;18;9;2017;56,99;4,3
perfumery2;perfumery;2;285,0;400;4,4;19;10;2017;56,99;4,3
perfumery2;perfumery;8;944,4;400;4,4;27;11;2017;56,99;4,3
perfumery2;perfumery;12;1416,0;400;4,4;34;12;2017;56,99;4,3
perfumery2;perfumery;6;707,4;400;4,4;15;1;2018;56,99;4,3
perfumery2;perfumery;11;1296,8;400;4,4;12;2;2018;56,99;4,3
perfumery2;perfumery;4;470,8;400;4,4;18;3;2018;50,49;4,3
perfumery2;perfumery;8;943,8;400;4,4;10;4;2018;49,99;4,3
perfumery2;perfumery;17;2038,3;400;4,4;16;5;2018;119,9;4,4
perfumery2;perfumery;14;1668,5;400;4,4;14;6;2018;119;4,4
perfumery2;perfumery;5;593,5;400;4,4;13;7;2018;49,99;4,3
perfumery2;perfumery;17;1987,4;400;4,4;19;8;2018;49,99;4,3
cool2;cool_stuff;8;1039,9;1600;4,3;22;3;2017;99,99;4,2
cool2;cool_stuff;14;1819,9;1600;4,3;33;4;2017;99,99;4,2
cool2;cool_stuff;18;2339,8;1600;4,3;58;5;2017;99,99;4,2
cool2;cool_stuff;17;2209,8;1600;4,3;42;6;2017;99,99;4,2
cool2;cool_stuff;16;2079,8;1600;4,3;42;7;2017;99,99;4,2
cool2;cool_stuff;16;1870,8;1600;4,3;39;8;2017;99,99;4,2
cool2;cool_stuff;10;1199,9;1600;4,3;33;10;2017;99,99;4,2
cool2;cool_stuff;9;1169,9;1600;4,3;42;11;2017;99,99;4,2
cool2;cool_stuff;3;390,0;1600;4,3;38;12;2017;99,99;4,2
cool2;cool_stuff;4;520,0;1600;4,3;102;1;2018;99,99;4,2
cool2;cool_stuff;2;260,0;1600;4,3;20;2;2018;99,99;4,2
cool2;cool_stuff;1;130,0;1600;4,3;45;3;2018;99,99;4,2
cool2;cool_stuff;1;130,0;1600;4,3;18;4;2018;90;4,2
computers1;computers_accessories;4;379,6;173;4;11;5;2017;94,9;4
computers1;computers_accessories;6;611,4;173;4;15;6;2017;159,99;4,2
computers1;computers_accessories;10;1099,0;173;4;17;7;2017;139,99;4,2
computers1;computers_accessories;2;219,8;173;4;15;8;2017;146;4,2
computers1;computers_accessories;4;395,6;173;4;15;9;2017;151,99;4,2
computers1;computers_accessories;4;395,6;173;4;31;10;2017;155;4,2
computers1;computers_accessories;6;593,4;173;4;36;11;2017;149,99;4,2
computers1;computers_accessories;1;98,9;173;4;35;12;2017;149,99;4,2
computers1;computers_accessories;31;2795,1;173;4;152;1;2018;157;4,2
computers1;computers_accessories;30;2537,2;173;4;202;2;2018;149;4,2
computers1;computers_accessories;13;1139,8;173;4;127;3;2018;136;4,2
computers1;computers_accessories;5;470,0;173;4;107;4;2018;121;4,2
computers1;computers_accessories;4;292,0;173;4;66;6;2018;114;4,2
computers1;computers_accessories;18;1199,5;173;4;43;7;2018;119,99;4,2
computers1;computers_accessories;1;79,9;173;4;18;8;2018;119,99;4,2
consoles2;consoles_games;1;19,9;100;3,9;13;7;2017;19,9;4,2
consoles2;consoles_games;11;218,9;100;3,9;33;8;2017;19,9;4,2
consoles2;consoles_games;9;179,1;100;3,9;17;9;2017;19,9;4,2
consoles2;consoles_games;12;248,0;100;3,9;38;10;2017;22;4,2
consoles2;consoles_games;23;563,5;100;3,9;49;11;2017;24,5;4,2
consoles2;consoles_games;17;416,5;100;3,9;30;12;2017;24,5;4,2
consoles2;consoles_games;10;271,2;100;3,9;9;1;2018;27;3,9
consoles2;consoles_games;1;32,5;100;3,9;6;2;2018;32,5;4,2
consoles2;consoles_games;7;229,2;100;3,9;13;3;2018;32,5;4,2
consoles2;consoles_games;6;205,2;100;3,9;13;4;2018;35;4,2
health5;health_beauty;8;2799,2;900;4,3;9;1;2017;34,99;4,3
health5;health_beauty;4;1399,6;900;4,3;19;2;2017;19,99;4,3
health5;health_beauty;2;699,8;900;4,3;25;3;2017;19,99;4,3
health5;health_beauty;1;349,9;900;4,3;23;4;2017;19,99;4,3
health5;health_beauty;4;1399,6;900;4,3;41;5;2017;19,99;4,3
health5;health_beauty;2;699,8;900;4,3;53;6;2017;19,99;4,3
health5;health_beauty;1;349,9;900;4,3;61;7;2017;19,99;4,3
health5;health_beauty;7;2449,3;900;4,3;82;8;2017;23;4,3
health5;health_beauty;7;2449,3;900;4,3;89;9;2017;23,99;4,3
health5;health_beauty;10;3499,0;900;4,3;81;10;2017;23,99;4,3
health5;health_beauty;11;3543,5;900;4,3;139;11;2017;23,99;4,3
health5;health_beauty;7;2449,3;900;4,3;112;12;2017;23,99;4,3
health5;health_beauty;12;4198,8;900;4,3;98;1;2018;23,99;4,3
health5;health_beauty;15;5248,5;900;4,3;126;2;2018;23,99;4,3
health5;health_beauty;17;5948,3;900;4,3;169;3;2018;23,99;4,3
health5;health_beauty;7;2449,3;900;4,3;118;4;2018;34,99;4,3
health5;health_beauty;10;3513,1;900;4,3;159;5;2018;23,99;4,3
health5;health_beauty;11;4004,0;900;4,3;131;6;2018;23,99;4,3
health5;health_beauty;11;4004,0;900;4,3;113;7;2018;23,99;4,3
health5;health_beauty;9;3276,0;900;4,3;127;8;2018;23,99;4,3
watches8;watches_gifts;2;479,8;335;4,1;29;7;2017;162;4,2
watches8;watches_gifts;2;479,8;335;4,1;43;10;2017;134,9;4,2
watches8;watches_gifts;2;459,8;335;4,1;59;1;2018;229,9;4,1
watches8;watches_gifts;11;2250,8;335;4,1;90;2;2018;128;4,2
watches8;watches_gifts;16;2680,0;335;4,1;125;3;2018;117;4,2
watches8;watches_gifts;26;3908,9;335;4,1;178;4;2018;106;4,2
watches8;watches_gifts;30;4355,0;335;4,1;260;5;2018;104;4,2
watches8;watches_gifts;3;457,9;335;4,1;93;6;2018;119;4,2
watches8;watches_gifts;14;2200,0;335;4,1;122;7;2018;118;4,2
watches8;watches_gifts;11;1737,4;335;4,1;61;8;2018;112;4,2
furniture4;furniture_decor;1;99,9;2500;4,4;64;11;2017;75;4,1
furniture4;furniture_decor;3;299,7;2500;4,4;40;12;2017;75;4,1
furniture4;furniture_decor;13;1298,7;2500;4,4;125;1;2018;70;4,1
furniture4;furniture_decor;13;1298,7;2500;4,4;52;2;2018;69,9;4,1
furniture4;furniture_decor;12;1198,8;2500;4,4;83;3;2018;69,9;4,1
furniture4;furniture_decor;13;1298,7;2500;4,4;92;4;2018;69,9;4,1
furniture4;furniture_decor;13;1298,7;2500;4,4;95;5;2018;69,9;4,1
furniture4;furniture_decor;10;999,0;2500;4,4;18;6;2018;89,9;4,1
furniture4;furniture_decor;14;1099,5;2500;4,4;22;7;2018;89,9;4,1
furniture4;furniture_decor;9;754,5;2500;4,4;19;8;2018;103;4,1
watches5;watches_gifts;8;1839,2;342;4,1;48;8;2017;161;4,2
watches5;watches_gifts;10;2190,6;342;4,1;54;9;2017;149;4,2
watches5;watches_gifts;8;1729,2;342;4,1;43;10;2017;134,9;4,2
watches5;watches_gifts;12;2395,2;342;4,1;91;11;2017;133;4,2
watches5;watches_gifts;28;6287,2;342;4,1;73;12;2017;149;4,2
watches5;watches_gifts;10;2207,7;342;4,1;59;1;2018;220,77;4,1
watches5;watches_gifts;21;4319,4;342;4,1;90;2;2018;128;4,2
watches5;watches_gifts;16;3459,0;342;4,1;125;3;2018;117;4,2
watches5;watches_gifts;13;2657,0;342;4,1;178;4;2018;106;4,2
watches5;watches_gifts;17;3383,0;342;4,1;260;5;2018;104;4,2
health7;health_beauty;1;65,0;200;3,9;9;1;2017;64,99;3,9
health7;health_beauty;5;325,0;200;3,9;19;2;2017;19,99;4,3
health7;health_beauty;9;584,9;200;3,9;25;3;2017;19,99;4,3
health7;health_beauty;9;584,9;200;3,9;23;4;2017;19,99;4,3
health7;health_beauty;16;1039,8;200;3,9;41;5;2017;19,99;4,3
health7;health_beauty;21;1234,8;200;3,9;53;6;2017;19,99;4,3
health7;health_beauty;15;888,9;200;3,9;61;7;2017;19,99;4,3
health7;health_beauty;22;1297,8;200;3,9;82;8;2017;23;4,3
health7;health_beauty;25;1474,8;200;3,9;89;9;2017;23,99;4,3
health7;health_beauty;19;1120,8;200;3,9;81;10;2017;23,99;4,3
health7;health_beauty;24;1415,8;200;3,9;139;11;2017;23,99;4,3
health7;health_beauty;9;530,9;200;3,9;112;12;2017;23,99;4,3
health7;health_beauty;6;353,9;200;3,9;98;1;2018;23,99;4,3
health7;health_beauty;14;825,9;200;3,9;126;2;2018;23,99;4,3
health7;health_beauty;10;589,9;200;3,9;169;3;2018;23,99;4,3
health7;health_beauty;11;648,9;200;3,9;118;4;2018;58,99;3,9
health7;health_beauty;4;236,0;200;3,9;159;5;2018;23,99;4,3
health7;health_beauty;6;353,9;200;3,9;131;6;2018;23,99;4,3
health7;health_beauty;2;118,0;200;3,9;113;7;2018;23,99;4,3
health7;health_beauty;3;177,0;200;3,9;127;8;2018;23,99;4,3
bed3;bed_bath_table;8;792,0;1550;3,3;50;10;2017;89,9;3,9
bed3;bed_bath_table;22;2178,0;1550;3,3;97;11;2017;89,9;3,9
bed3;bed_bath_table;7;693,0;1550;3,3;41;12;2017;88;3,9
bed3;bed_bath_table;11;1082,0;1550;3,3;62;1;2018;86,9;3,9
bed3;bed_bath_table;13;1196,0;1550;3,3;62;2;2018;86,9;3,9
bed3;bed_bath_table;3;276,0;1550;3,3;43;3;2018;86,9;3,9
bed3;bed_bath_table;9;815,0;1550;3,3;34;4;2018;85;3,9
bed3;bed_bath_table;14;1235,4;1550;3,3;57;5;2018;84;3,9
bed3;bed_bath_table;14;1188,6;1550;3,3;43;6;2018;79,9;3,9
bed3;bed_bath_table;9;764,1;1550;3,3;26;7;2018;78;3,9
bed3;bed_bath_table;1;84,9;1550;3,3;15;8;2018;74;3,9
garden3;garden_tools;1;100,0;6050;4,1;3;2;2017;99,99;4,1
garden3;garden_tools;11;1099,9;6050;4,1;21;3;2017;99,99;4,1
garden3;garden_tools;8;759,9;6050;4,1;17;4;2017;97;4,1
garden3;garden_tools;2;220,0;6050;4,1;34;5;2017;59,9;4,1
garden3;garden_tools;2;240,0;6050;4,1;26;6;2017;59,9;4,1
garden3;garden_tools;2;240,0;6050;4,1;74;7;2017;59,9;4,1
garden3;garden_tools;4;417,0;6050;4,1;115;9;2017;59,9;4,1
garden3;garden_tools;12;1105,9;6050;4,1;146;10;2017;59,9;4,1
garden3;garden_tools;21;1889,8;6050;4,1;339;11;2017;52;4,1
garden3;garden_tools;14;1259,9;6050;4,1;184;12;2017;55,1;4,1
garden3;garden_tools;12;1480,0;6050;4,1;137;1;2018;49,9;4,1
garden3;garden_tools;14;1680,0;6050;4,1;160;2;2018;51;4,1
garden3;garden_tools;6;680,0;6050;4,1;116;3;2018;53,9;4,1
garden3;garden_tools;7;770,0;6050;4,1;111;4;2018;53,9;4,1
garden3;garden_tools;8;880,0;6050;4,1;102;5;2018;53;4,1
garden3;garden_tools;10;969,9;6050;4,1;58;6;2018;49,9;4,1
garden3;garden_tools;5;500,0;6050;4,1;54;7;2018;49,91;4,1
garden3;garden_tools;2;200,0;6050;4,1;46;8;2018;49,91;4,1
bed2;bed_bath_table;2;179,8;1383;3,9;2;2;2017;89,9;3,9
bed2;bed_bath_table;22;1977,8;1383;3,9;20;3;2017;89,9;3,9
bed2;bed_bath_table;34;3056,6;1383;3,9;31;4;2017;89,9;3,9
bed2;bed_bath_table;58;5214,2;1383;3,9;57;5;2017;89,9;3,9
bed2;bed_bath_table;51;4584,9;1383;3,9;61;6;2017;89,9;3,9
bed2;bed_bath_table;60;5394,0;1383;3,9;123;7;2017;89,9;3,9
bed2;bed_bath_table;37;3326,3;1383;3,9;90;8;2017;89,9;3,9
bed2;bed_bath_table;23;2067,7;1383;3,9;54;9;2017;89,9;3,9
bed2;bed_bath_table;14;1258,6;1383;3,9;50;10;2017;89,9;3,9
bed2;bed_bath_table;40;3596,0;1383;3,9;97;11;2017;89,9;3,9
bed2;bed_bath_table;18;1594,2;1383;3,9;41;12;2017;88;3,9
bed2;bed_bath_table;17;1477,3;1383;3,9;62;1;2018;86,9;3,9
bed2;bed_bath_table;22;1911,8;1383;3,9;62;2;2018;86,9;3,9
bed2;bed_bath_table;17;1477,3;1383;3,9;43;3;2018;86,9;3,9
bed2;bed_bath_table;6;510,3;1383;3,9;34;4;2018;85;3,9
bed2;bed_bath_table;26;2174,9;1383;3,9;57;5;2018;84;3,9
bed2;bed_bath_table;23;1837,7;1383;3,9;43;6;2018;79,9;3,9
bed2;bed_bath_table;10;781,3;1383;3,9;26;7;2018;78;3,9
bed2;bed_bath_table;7;518,0;1383;3,9;15;8;2018;74;3,9
furniture3;furniture_decor;1;38,4;950;3,8;14;8;2017;75;4,1
furniture3;furniture_decor;6;230,4;950;3,8;7;9;2017;38,4;3,8
furniture3;furniture_decor;8;307,2;950;3,8;17;10;2017;75;4,1
furniture3;furniture_decor;34;1170,4;950;3,8;64;11;2017;75;4,1
furniture3;furniture_decor;4;153,6;950;3,8;40;12;2017;75;4,1
furniture3;furniture_decor;15;576,0;950;3,8;125;1;2018;70;4,1
furniture3;furniture_decor;4;153,6;950;3,8;52;2;2018;69,9;4,1
furniture3;furniture_decor;14;493,4;950;3,8;83;3;2018;69,9;4,1
furniture3;furniture_decor;4;140,0;950;3,8;92;4;2018;69,9;4,1
furniture3;furniture_decor;4;140,0;950;3,8;95;5;2018;69,9;4,1
furniture3;furniture_decor;2;70,0;950;3,8;18;6;2018;89,9;4,1
furniture3;furniture_decor;1;35,0;950;3,8;19;8;2018;103;4,1
watches4;watches_gifts;13;140,4;1000;4,2;91;11;2017;133;4,2
watches4;watches_gifts;13;140,4;1000;4,2;73;12;2017;149;4,2
watches4;watches_gifts;44;475,2;1000;4,2;59;1;2018;108;4,2
watches4;watches_gifts;33;356,4;1000;4,2;90;2;2018;128;4,2
watches4;watches_gifts;21;221,4;1000;4,2;125;3;2018;117;4,2
watches4;watches_gifts;21;220,5;1000;4,2;178;4;2018;106;4,2
watches4;watches_gifts;37;388,5;1000;4,2;260;5;2018;104;4,2
watches4;watches_gifts;28;294,0;1000;4,2;93;6;2018;119;4,2
watches4;watches_gifts;8;840,0;1000;4,2;122;7;2018;118;4,2
watches4;watches_gifts;7;735,0;1000;4,2;61;8;2018;112;4,2
watches3;watches_gifts;1;78,0;250;3,9;6;3;2017;78;3,9
watches3;watches_gifts;3;234,0;250;3,9;17;6;2017;163;4,2
watches3;watches_gifts;1;78,0;250;3,9;29;7;2017;162;4,2
watches3;watches_gifts;5;390,0;250;3,9;48;8;2017;161;4,2
watches3;watches_gifts;3;234,0;250;3,9;43;10;2017;134,9;4,2
watches3;watches_gifts;2;156,0;250;3,9;91;11;2017;133;4,2
watches3;watches_gifts;6;468,0;250;3,9;73;12;2017;149;4,2
watches3;watches_gifts;9;702,0;250;3,9;59;1;2018;78;3,9
watches3;watches_gifts;1;78,0;250;3,9;90;2;2018;128;4,2
watches3;watches_gifts;1;78,0;250;3,9;125;3;2018;117;4,2
watches3;watches_gifts;16;124,8;250;3,9;178;4;2018;106;4,2
watches3;watches_gifts;5;390,0;250;3,9;260;5;2018;104;4,2
watches3;watches_gifts;39;304,2;250;3,9;93;6;2018;119;4,2
watches3;watches_gifts;40;312,0;250;3,9;122;7;2018;118;4,2
watches3;watches_gifts;28;217,9;250;3,9;61;8;2018;112;4,2
furniture2;furniture_decor;5;375,0;2600;4,1;5;7;2017;75;4,1
furniture2;furniture_decor;13;975,0;2600;4,1;14;8;2017;75;4,1
furniture2;furniture_decor;5;375,0;2600;4,1;17;10;2017;75;4,1
furniture2;furniture_decor;44;330,0;2600;4,1;64;11;2017;75;4,1
furniture2;furniture_decor;47;352,5;2600;4,1;40;12;2017;75;4,1
furniture2;furniture_decor;122;853,8;2600;4,1;125;1;2018;70;4,1
furniture2;furniture_decor;44;307,6;2600;4,1;52;2;2018;69,9;4,1
furniture2;furniture_decor;65;454,4;2600;4,1;83;3;2018;69,9;4,1
furniture2;furniture_decor;83;580,2;2600;4,1;92;4;2018;69,9;4,1
furniture2;furniture_decor;92;643,1;2600;4,1;95;5;2018;69,9;4,1
furniture2;furniture_decor;2;179,8;2600;4,1;18;6;2018;89,9;4,1
furniture2;furniture_decor;2;179,8;2600;4,1;22;7;2018;89,9;4,1
furniture2;furniture_decor;3;309,7;2600;4,1;19;8;2018;103;4,1
garden2;garden_tools;5;299,5;1850;4,3;17;4;2017;59,9;4,3
garden2;garden_tools;2;119,8;1850;4,3;34;5;2017;59,9;4,1
garden2;garden_tools;5;299,5;1850;4,3;26;6;2017;59,9;4,1
garden2;garden_tools;15;898,5;1850;4,3;74;7;2017;59,9;4,1
garden2;garden_tools;19;1138,1;1850;4,3;113;8;2017;59,9;4,1
garden2;garden_tools;34;2036,6;1850;4,3;115;9;2017;59,9;4,1
garden2;garden_tools;13;778,7;1850;4,3;146;10;2017;59,9;4,1
garden2;garden_tools;9;495,5;1850;4,3;339;11;2017;52;4,1
garden2;garden_tools;1;49,9;1850;4,3;184;12;2017;55,1;4,1
garden2;garden_tools;1;49,9;1850;4,3;137;1;2018;49,9;4,1
garden2;garden_tools;4;203,6;1850;4,3;160;2;2018;51;4,1
garden2;garden_tools;2;107,8;1850;4,3;116;3;2018;53,9;4,1
garden2;garden_tools;2;107,8;1850;4,3;111;4;2018;53,9;4,1
garden2;garden_tools;4;199,6;1850;4,3;102;5;2018;53;4,1
garden2;garden_tools;5;249,5;1850;4,3;58;6;2018;49,9;4,1
garden2;garden_tools;3;149,7;1850;4,3;54;7;2018;49,91;4,1
garden2;garden_tools;3;149,7;1850;4,3;46;8;2018;49,91;4,1
furniture1;furniture_decor;1;38,4;850;3,7;5;7;2017;75;4,1
furniture1;furniture_decor;8;307,2;850;3,7;14;8;2017;75;4,1
furniture1;furniture_decor;12;460,8;850;3,7;7;9;2017;38,4;3,7
furniture1;furniture_decor;25;960,0;850;3,7;17;10;2017;75;4,1
furniture1;furniture_decor;28;1026,5;850;3,7;64;11;2017;75;4,1
furniture1;furniture_decor;2;76,8;850;3,7;125;1;2018;70;4,1
furniture1;furniture_decor;9;345,6;850;3,7;52;2;2018;69,9;4,1
furniture1;furniture_decor;17;601,8;850;3,7;83;3;2018;69,9;4,1
furniture1;furniture_decor;17;595,0;850;3,7;92;4;2018;69,9;4,1
furniture1;furniture_decor;11;385,0;850;3,7;95;5;2018;69,9;4,1
furniture1;furniture_decor;13;455,0;850;3,7;18;6;2018;89,9;4,1
furniture1;furniture_decor;10;350,0;850;3,7;22;7;2018;89,9;4,1
furniture1;furniture_decor;16;560,0;850;3,7;19;8;2018;103;4,1
health2;health_beauty;6;1950,0;400;4,2;82;8;2017;23;4,3
health2;health_beauty;11;3575,0;400;4,2;89;9;2017;23,99;4,3
health2;health_beauty;2;650,0;400;4,2;81;10;2017;23,99;4,3
health2;health_beauty;12;3900,0;400;4,2;139;11;2017;23,99;4,3
health2;health_beauty;6;1950,0;400;4,2;112;12;2017;23,99;4,3
health2;health_beauty;10;3250,0;400;4,2;98;1;2018;23,99;4,3
health2;health_beauty;23;747,5;400;4,2;126;2;2018;23,99;4,3
health2;health_beauty;28;912,5;400;4,2;169;3;2018;23,99;4,3
health2;health_beauty;21;693,0;400;4,2;118;4;2018;33;4,2
health2;health_beauty;19;627,0;400;4,2;159;5;2018;23,99;4,3
health2;health_beauty;16;528,0;400;4,2;131;6;2018;23,99;4,3
health2;health_beauty;13;429,0;400;4,2;113;7;2018;23,99;4,3
health2;health_beauty;28;924,0;400;4,2;127;8;2018;23,99;4,3
garden1;garden_tools;1;100,0;5950;4,3;3;2;2017;99,99;4,3
garden1;garden_tools;5;500,0;5950;4,3;21;3;2017;99,99;4,3
garden1;garden_tools;4;440,0;5950;4,3;34;5;2017;59,9;4,1
garden1;garden_tools;6;659,9;5950;4,3;26;6;2017;59,9;4,1
garden1;garden_tools;1;120,0;5950;4,3;74;7;2017;59,9;4,1
garden1;garden_tools;2;240,0;5950;4,3;113;8;2017;59,9;4,1
garden1;garden_tools;7;735,0;5950;4,3;115;9;2017;59,9;4,1
garden1;garden_tools;17;162,0;5950;4,3;146;10;2017;59,9;4,1
garden1;garden_tools;28;252,0;5950;4,3;339;11;2017;52;4,1
garden1;garden_tools;27;243,0;5950;4,3;184;12;2017;55,1;4,1
garden1;garden_tools;11;1405,0;5950;4,3;137;1;2018;49,9;4,1
garden1;garden_tools;7;840,0;5950;4,3;160;2;2018;51;4,1
garden1;garden_tools;6;660,0;5950;4,3;116;3;2018;53,9;4,1
garden1;garden_tools;5;550,0;5950;4,3;111;4;2018;53,9;4,1
garden1;garden_tools;2;220,0;5950;4,3;102;5;2018;53;4,1
garden1;garden_tools;6;539,9;5950;4,3;58;6;2018;49,9;4,1
garden1;garden_tools;7;699,9;5950;4,3;54;7;2018;49,91;4,1
garden1;garden_tools;6;589,9;5950;4,3;46;8;2018;49,91;4,1
cool1;cool_stuff;7;599,9;1200;4,2;7;2;2017;86;4,2
cool1;cool_stuff;14;140,0;1200;4,2;22;3;2017;99,99;4,2
cool1;cool_stuff;17;170,0;1200;4,2;33;4;2017;99,99;4,2
cool1;cool_stuff;22;220,0;1200;4,2;58;5;2017;99,99;4,2
cool1;cool_stuff;14;140,0;1200;4,2;42;6;2017;99,99;4,2
cool1;cool_stuff;11;110,0;1200;4,2;42;7;2017;99,99;4,2
cool1;cool_stuff;14;140,0;1200;4,2;39;8;2017;99,99;4,2
cool1;cool_stuff;3;300,0;1200;4,2;10;9;2017;99,99;4,2
cool1;cool_stuff;2;200,0;1200;4,2;33;10;2017;99,99;4,2
cool1;cool_stuff;4;400,0;1200;4,2;42;11;2017;99,99;4,2
cool1;cool_stuff;3;300,0;1200;4,2;38;12;2017;99,99;4,2
cool1;cool_stuff;3;300,0;1200;4,2;102;1;2018;99,99;4,2
cool1;cool_stuff;1;100,0;1200;4,2;20;2;2018;99,99;4,2
cool1;cool_stuff;2;200,0;1200;4,2;45;3;2018;99,99;4,2
cool1;cool_stuff;3;269,6;1200;4,2;18;4;2018;90;4,2
computers4;computers_accessories;3;480,0;6550;4,2;3;2;2017;159,99;4,2
computers4;computers_accessories;3;480,0;6550;4,2;3;3;2017;159,99;4,2
computers4;computers_accessories;5;700,0;6550;4,2;5;4;2017;139,99;4,2
computers4;computers_accessories;3;480,0;6550;4,2;15;6;2017;159,99;4,2
computers4;computers_accessories;6;839,9;6550;4,2;17;7;2017;139,99;4,2
computers4;computers_accessories;7;1019,9;6550;4,2;15;8;2017;146;4,2
computers4;computers_accessories;11;168,0;6550;4,2;15;9;2017;151,99;4,2
computers4;computers_accessories;17;263,0;6550;4,2;31;10;2017;155;4,2
computers4;computers_accessories;18;270,0;6550;4,2;36;11;2017;149,99;4,2
computers4;computers_accessories;23;345,0;6550;4,2;35;12;2017;149,99;4,2
computers4;computers_accessories;43;674,7;6550;4,2;152;1;2018;157;4,2
computers4;computers_accessories;31;461,9;6550;4,2;202;2;2018;149;4,2
computers4;computers_accessories;44;598,6;6550;4,2;127;3;2018;136;4,2
computers4;computers_accessories;56;676,4;6550;4,2;107;4;2018;121;4,2
computers4;computers_accessories;25;297,5;6550;4,2;78;5;2018;119;4,2
computers4;computers_accessories;27;308,7;6550;4,2;66;6;2018;114;4,2
computers4;computers_accessories;9;1079,9;6550;4,2;43;7;2018;119,99;4,2
computers4;computers_accessories;10;1199,9;6550;4,2;18;8;2018;119,99;4,2
watches7;watches_gifts;2;678,0;363;3,7;48;8;2017;161;4,2
watches7;watches_gifts;1;339,0;363;3,7;54;9;2017;149;4,2
watches7;watches_gifts;10;3461,6;363;3,7;43;10;2017;134,9;4,2
watches7;watches_gifts;9;3111,4;363;3,7;91;11;2017;133;4,2
watches7;watches_gifts;11;3836,8;363;3,7;73;12;2017;149;4,2
watches7;watches_gifts;1;339,9;363;3,7;59;1;2018;33,99;3,7
watches7;watches_gifts;5;1735,0;363;3,7;90;2;2018;128;4,2
watches7;watches_gifts;6;1847,0;363;3,7;125;3;2018;117;4,2
watches7;watches_gifts;6;1684,0;363;3,7;178;4;2018;106;4,2
watches7;watches_gifts;23;5956,3;363;3,7;260;5;2018;104;4,2
watches7;watches_gifts;4;983,6;363;3,7;93;6;2018;119;4,2
watches7;watches_gifts;45;7651,3;363;3,7;122;7;2018;118;4,2
computers3;computers_accessories;15;2715,7;922;4,2;11;5;2017;178;4,2
computers3;computers_accessories;15;2247,7;922;4,2;15;6;2017;159,99;4,2
computers3;computers_accessories;4;584,8;922;4,2;17;7;2017;139,99;4,2
computers3;computers_accessories;13;1884,5;922;4,2;15;8;2017;146;4,2
computers3;computers_accessories;12;1656,9;922;4,2;15;9;2017;151,99;4,2
computers3;computers_accessories;16;2206,4;922;4,2;31;10;2017;155;4,2
computers3;computers_accessories;18;2482,2;922;4,2;36;11;2017;149,99;4,2
computers3;computers_accessories;2;269,8;922;4,2;35;12;2017;149,99;4,2
computers3;computers_accessories;5;665,0;922;4,2;152;1;2018;157;4,2
computers3;computers_accessories;3;398,9;922;4,2;202;2;2018;149;4,2
health4;health_beauty;1;29,9;250;4,5;81;10;2017;23,99;4,3
health4;health_beauty;6;179,4;250;4,5;139;11;2017;23,99;4,3
health4;health_beauty;6;179,4;250;4,5;112;12;2017;23,99;4,3
health4;health_beauty;15;448,5;250;4,5;98;1;2018;23,99;4,3
health4;health_beauty;16;478,4;250;4,5;126;2;2018;23,99;4,3
health4;health_beauty;11;328,9;250;4,5;169;3;2018;23,99;4,3
health4;health_beauty;22;657,8;250;4,5;118;4;2018;29,9;4,5
health4;health_beauty;22;657,8;250;4,5;159;5;2018;23,99;4,3
health4;health_beauty;7;209,3;250;4,5;131;6;2018;23,99;4,3
health4;health_beauty;18;538,2;250;4,5;113;7;2018;23,99;4,3
health4;health_beauty;13;388,7;250;4,5;127;8;2018;23,99;4,3
watches1;watches_gifts;5;1205,0;4338;3,8;6;3;2017;24;3,8
watches1;watches_gifts;3;766,8;4338;3,8;3;4;2017;25,561;3,8
watches1;watches_gifts;5;925,0;4338;3,8;17;6;2017;163;4,2
watches1;watches_gifts;10;1973,8;4338;3,8;29;7;2017;162;4,2
watches1;watches_gifts;15;2698,5;4338;3,8;48;8;2017;161;4,2
watches1;watches_gifts;20;3291,4;4338;3,8;54;9;2017;149;4,2
watches1;watches_gifts;4;930,0;4338;3,8;43;10;2017;134,9;4,2
watches1;watches_gifts;18;3139,8;4338;3,8;91;11;2017;133;4,2
watches1;watches_gifts;5;929,8;4338;3,8;73;12;2017;149;4,2
watches1;watches_gifts;2;398,0;4338;3,8;59;1;2018;199;3,8
watches1;watches_gifts;6;1092,0;4338;3,8;90;2;2018;128;4,2
watches1;watches_gifts;32;4860,1;4338;3,8;125;3;2018;117;4,2
watches1;watches_gifts;9;1351,2;4338;3,8;178;4;2018;106;4,2
watches1;watches_gifts;32;4241,0;4338;3,8;260;5;2018;104;4,2
watches1;watches_gifts;15;2073,3;4338;3,8;93;6;2018;119;4,2
watches1;watches_gifts;2;310,0;4338;3,8;122;7;2018;118;4,2
watches1;watches_gifts;11;160,1;4338;3,8;61;8;2018;112;4,2
computers2;computers_accessories;1;109,9;180;3,5;36;11;2017;149,99;4,2
computers2;computers_accessories;12;131,9;180;3,5;35;12;2017;149,99;4,2
computers2;computers_accessories;29;283,2;180;3,5;152;1;2018;157;4,2
computers2;computers_accessories;71;558,2;180;3,5;202;2;2018;149;4,2
computers2;computers_accessories;27;218,7;180;3,5;127;3;2018;136;4,2
computers2;computers_accessories;13;1042,9;180;3,5;107;4;2018;121;4,2
computers2;computers_accessories;11;876,9;180;3,5;78;5;2018;119;4,2
computers2;computers_accessories;10;789,0;180;3,5;66;6;2018;114;4,2
computers2;computers_accessories;7;545,3;180;3,5;43;7;2018;119,99;4,2
computers2;computers_accessories;2;155,8;180;3,5;18;8;2018;119,99;4,2
bed4;bed_bath_table;29;1331,1;800;4,2;50;10;2017;89,9;3,9
bed4;bed_bath_table;32;1421,7;800;4,2;97;11;2017;89,9;3,9
bed4;bed_bath_table;12;550,8;800;4,2;41;12;2017;88;3,9
bed4;bed_bath_table;19;872,1;800;4,2;62;1;2018;86,9;3,9
bed4;bed_bath_table;16;734,4;800;4,2;62;2;2018;86,9;3,9
bed4;bed_bath_table;8;383,2;800;4,2;43;3;2018;86,9;3,9
bed4;bed_bath_table;7;335,3;800;4,2;34;4;2018;85;3,9
bed4;bed_bath_table;2;95,8;800;4,2;57;5;2018;84;3,9
bed4;bed_bath_table;4;191,6;800;4,2;43;6;2018;79,9;3,9
bed4;bed_bath_table;2;95,8;800;4,2;26;7;2018;78;3,9
bed5;bed_bath_table;1;215,0;9750;4,4;57;5;2017;89,9;3,9
bed5;bed_bath_table;10;209,0;9750;4,4;61;6;2017;89,9;3,9
bed5;bed_bath_table;59;1209,5;9750;4,4;123;7;2017;89,9;3,9
bed5;bed_bath_table;52;1037,5;9750;4,4;90;8;2017;89,9;3,9
bed5;bed_bath_table;32;522,2;9750;4,4;54;9;2017;89,9;3,9
